"userID"	"age"	"sex"	"occupation"	"zip.code"	"nb.Ratings"	"mean"	"sd"	"max"	"min"	"med"
1	24	"M"	"technician"	"85711"	270	3.6	1.27	5	1	4
2	53	"F"	"other"	"94043"	61	3.7	1.04	5	1	4
3	23	"M"	"writer"	"32067"	53	2.77	1.22	5	1	3
4	24	"M"	"technician"	"43537"	24	4.33	0.92	5	2	5
5	33	"F"	"other"	"15213"	174	2.87	1.36	5	1	3
6	42	"M"	"executive"	"98101"	208	3.64	1.04	5	1	4
7	57	"M"	"administrator"	"91344"	401	3.96	1.07	5	1	4
8	36	"M"	"administrator"	"05201"	59	3.8	1.24	5	1	4
9	29	"M"	"student"	"01002"	22	4.27	0.94	5	1	4
10	53	"M"	"lawyer"	"90703"	184	4.21	0.58	5	3	4
11	39	"F"	"other"	"30329"	181	3.46	0.93	5	1	3
12	28	"F"	"other"	"06405"	51	4.39	0.78	5	1	5
13	47	"M"	"educator"	"29206"	632	3.1	1.42	5	1	3
14	45	"M"	"scientist"	"55106"	98	4.09	1.04	5	1	4
15	49	"F"	"educator"	"97301"	103	2.87	1.35	5	1	3
16	21	"M"	"entertainment"	"10309"	140	4.33	1.04	5	1	5
17	30	"M"	"programmer"	"06355"	28	3.04	1.14	5	1	3
18	35	"F"	"other"	"37212"	277	3.88	0.85	5	2	4
19	40	"M"	"librarian"	"02138"	20	3.55	0.83	5	2	4
20	42	"F"	"homemaker"	"95660"	48	3.1	1.15	5	1	3
21	26	"M"	"writer"	"30068"	178	2.67	1.33	5	1	3
22	25	"M"	"writer"	"40206"	127	3.37	1.48	5	1	4
23	30	"F"	"artist"	"48197"	151	3.64	0.96	5	1	4
24	21	"F"	"artist"	"94533"	68	4.32	0.82	5	2	5
25	39	"M"	"engineer"	"55107"	78	4.05	0.62	5	2	4
26	49	"M"	"engineer"	"21044"	107	2.94	0.86	5	1	3
27	40	"F"	"librarian"	"30030"	25	3.24	0.88	5	2	3
28	32	"M"	"writer"	"55369"	78	3.72	0.97	5	1	4
29	41	"M"	"programmer"	"94043"	34	3.65	0.88	5	2	4
30	7	"M"	"student"	"55436"	43	3.77	1	5	1	4
31	24	"M"	"artist"	"10003"	36	3.92	0.97	5	2	4
32	28	"F"	"student"	"78741"	40	3.27	0.88	5	1	3
33	23	"M"	"student"	"27510"	23	3.7	0.56	5	3	4
34	38	"F"	"administrator"	"42141"	20	4.05	1.39	5	1	5
35	20	"F"	"homemaker"	"42459"	23	3.04	0.98	5	1	3
36	19	"F"	"student"	"93117"	20	3.8	1.28	5	1	4
37	23	"M"	"student"	"55105"	57	3.65	0.99	5	1	4
38	28	"F"	"other"	"54467"	121	3.72	1.6	5	1	5
39	41	"M"	"entertainment"	"01040"	22	3.77	0.92	5	2	4
40	38	"M"	"scientist"	"27514"	35	2.89	0.96	4	1	3
41	33	"M"	"engineer"	"80525"	52	3.77	0.81	5	2	4
42	30	"M"	"administrator"	"17870"	183	3.73	1.06	5	1	4
43	29	"F"	"librarian"	"20854"	221	3.71	1.02	5	1	4
44	26	"M"	"technician"	"46260"	151	3.65	1	5	1	4
45	29	"M"	"programmer"	"50233"	48	3.6	0.92	5	2	4
46	27	"F"	"marketing"	"46538"	27	4.11	0.93	5	2	4
47	53	"M"	"marketing"	"07102"	25	3.64	0.91	5	2	4
48	45	"M"	"administrator"	"12550"	65	3.8	1.05	5	1	4
49	23	"F"	"student"	"76111"	214	2.69	1.26	5	1	3
50	21	"M"	"writer"	"52245"	23	3.52	1.41	5	1	4
51	28	"M"	"educator"	"16509"	23	3.57	1.2	5	1	4
52	18	"F"	"student"	"55105"	56	4.27	0.73	5	2	4
53	26	"M"	"programmer"	"55414"	28	3.82	0.9	5	2	4
54	22	"M"	"executive"	"66315"	65	3.69	1.14	5	1	4
55	37	"M"	"programmer"	"01331"	21	3.29	1.49	5	1	3
56	25	"M"	"librarian"	"46260"	187	3.64	0.94	5	1	4
57	16	"M"	"none"	"84010"	106	3.5	1.03	5	1	3
58	27	"M"	"programmer"	"52246"	153	3.83	1.23	5	1	4
59	49	"M"	"educator"	"08403"	382	3.93	1.06	5	1	4
60	50	"M"	"healthcare"	"06472"	208	4.09	0.63	5	2	4
61	36	"M"	"engineer"	"30040"	21	2.95	1.24	5	1	3
62	27	"F"	"administrator"	"97214"	232	3.3	1.11	5	1	3
63	31	"M"	"marketing"	"75240"	92	3.12	0.99	5	1	3
64	32	"M"	"educator"	"43202"	200	3.58	1	5	1	4
65	51	"F"	"educator"	"48118"	80	3.94	0.89	5	1	4
66	23	"M"	"student"	"80521"	38	3.47	1.03	5	1	4
67	17	"M"	"student"	"60402"	30	3.77	0.9	5	1	4
68	19	"M"	"student"	"22904"	34	3.03	1.6	5	1	3
69	24	"M"	"engineer"	"55337"	64	3.83	1.06	5	1	4
70	27	"M"	"engineer"	"60067"	131	3.47	0.82	5	1	4
71	39	"M"	"scientist"	"98034"	38	3.79	1.04	5	1	4
72	48	"F"	"administrator"	"73034"	137	3.82	1.05	5	1	4
73	24	"M"	"student"	"41850"	65	3.74	1.16	5	1	4
74	39	"M"	"scientist"	"T8H1N"	39	3.64	0.71	5	2	4
75	24	"M"	"entertainment"	"08816"	79	3.28	1.36	5	1	4
76	20	"M"	"student"	"02215"	82	3.56	1.12	5	1	4
77	30	"M"	"technician"	"29379"	71	3.59	1.2	5	1	4
78	26	"M"	"administrator"	"61801"	21	3.38	1.28	5	1	4
79	39	"F"	"administrator"	"03755"	54	3.98	1.04	5	2	4
80	34	"F"	"administrator"	"52241"	29	3.76	1.02	5	1	4
81	21	"M"	"student"	"21218"	58	3.29	1.11	5	1	3
82	50	"M"	"programmer"	"22902"	168	3.07	1.19	5	1	3
83	40	"M"	"other"	"44133"	155	3.42	1.12	5	1	4
84	32	"M"	"executive"	"55369"	68	3.85	0.8	5	2	4
85	51	"M"	"educator"	"20003"	287	3.54	0.81	5	1	4
86	26	"M"	"administrator"	"46005"	23	3.52	1.16	5	1	3
87	47	"M"	"administrator"	"89503"	210	3.8	0.93	5	1	4
88	49	"F"	"librarian"	"11701"	21	3.95	1.16	5	1	4
89	43	"F"	"administrator"	"68106"	75	4.03	1.15	5	1	4
90	60	"M"	"educator"	"78155"	300	4.22	0.93	5	1	4
91	55	"M"	"marketing"	"01913"	98	3.89	1.03	5	1	4
92	32	"M"	"entertainment"	"80525"	386	3.24	0.98	5	1	3
93	48	"M"	"executive"	"23112"	20	3.35	1.23	5	1	4
94	26	"M"	"student"	"71457"	399	3.66	1.02	5	1	4
95	31	"M"	"administrator"	"10707"	278	3.42	1.13	5	1	4
96	25	"F"	"artist"	"75206"	56	4.27	0.94	5	1	4.5
97	43	"M"	"artist"	"98006"	63	4.16	1.14	5	1	5
98	49	"F"	"executive"	"90291"	27	3.59	1.31	5	1	3
99	20	"M"	"student"	"63129"	134	3.55	1.1	5	1	4
100	36	"M"	"executive"	"90254"	59	3.07	1.05	5	1	3
101	15	"M"	"student"	"05146"	67	2.9	0.87	5	1	3
102	38	"M"	"programmer"	"30220"	216	2.62	0.74	4	1	3
103	26	"M"	"student"	"55108"	29	3.62	0.94	5	1	4
104	27	"M"	"student"	"55108"	110	2.66	1.16	5	1	3
105	24	"M"	"engineer"	"94043"	23	3.39	1.08	5	2	3
106	61	"M"	"retired"	"55125"	64	3.77	0.71	5	2	4
107	39	"M"	"scientist"	"60466"	22	3	1.27	5	1	3
108	44	"M"	"educator"	"63130"	33	3.58	0.97	5	2	3
109	29	"M"	"other"	"55423"	234	3.44	1.14	5	1	3
110	19	"M"	"student"	"77840"	133	3.05	0.86	5	1	3
111	57	"M"	"engineer"	"90630"	24	3.54	0.93	5	2	4
112	30	"M"	"salesman"	"60613"	46	3.7	1.07	5	1	4
113	47	"M"	"executive"	"95032"	50	3.72	1.13	5	1	4
114	27	"M"	"programmer"	"75013"	48	3.6	0.92	5	2	3
115	31	"M"	"engineer"	"17110"	92	3.93	1.17	5	1	4
116	40	"M"	"healthcare"	"97232"	140	3.01	0.96	5	1	3
117	20	"M"	"student"	"16125"	86	3.92	1.03	5	1	4
118	21	"M"	"administrator"	"90210"	71	4.66	0.75	5	1	5
119	32	"M"	"programmer"	"67401"	180	3.96	1.01	5	1	4
120	47	"F"	"other"	"06260"	26	3.58	0.99	5	2	4
121	54	"M"	"librarian"	"99603"	74	3.61	1.33	5	1	4
122	32	"F"	"writer"	"22206"	61	3.98	0.97	5	1	4
123	48	"F"	"artist"	"20008"	54	3.85	1.11	5	1	4
124	34	"M"	"student"	"60615"	24	3.5	1.02	5	1	3.5
125	30	"M"	"lawyer"	"22202"	182	3.44	1.3	5	1	3
126	28	"F"	"lawyer"	"20015"	45	3.53	1.18	5	1	4
127	33	"M"	"none"	"73439"	23	4.13	1.52	5	1	5
128	24	"F"	"marketing"	"20009"	184	3.66	1.02	5	1	4
129	36	"F"	"marketing"	"07039"	30	2.6	1.16	5	1	2
130	20	"M"	"none"	"60115"	350	3.98	0.98	5	1	4
131	59	"F"	"administrator"	"15237"	30	4.13	1.04	5	1	4
132	24	"M"	"other"	"94612"	22	3.77	0.69	5	3	4
133	53	"M"	"engineer"	"78602"	26	3.19	1.1	5	1	3
134	31	"M"	"programmer"	"80236"	25	3.64	1.08	5	2	4
135	23	"M"	"student"	"38401"	55	3.38	0.78	5	1	4
136	51	"M"	"other"	"97365"	35	4.34	0.73	5	2	4
137	50	"M"	"educator"	"84408"	46	4.3	1.11	5	1	5
138	46	"M"	"doctor"	"53211"	51	4.27	0.67	5	2	4
139	20	"M"	"student"	"08904"	22	3.95	0.84	5	2	4
140	30	"F"	"student"	"32250"	21	3.43	0.81	5	2	3
141	49	"M"	"programmer"	"36117"	107	3.43	1.34	5	1	4
142	13	"M"	"other"	"48118"	33	3.64	1.19	5	1	4
143	42	"M"	"technician"	"08832"	20	3.9	1.02	5	2	4
144	53	"M"	"programmer"	"20910"	204	3.67	0.95	5	1	4
145	31	"M"	"entertainment"	"V3N4P"	313	3.33	1.31	5	1	3
146	45	"M"	"artist"	"83814"	29	3.62	1.21	5	1	4
147	40	"F"	"librarian"	"02143"	20	4.2	0.83	5	2	4
148	33	"M"	"engineer"	"97006"	65	4	1.27	5	1	4
149	35	"F"	"marketing"	"17325"	36	2.89	1.12	5	1	3
150	20	"F"	"artist"	"02139"	31	3.81	1.01	5	1	4
151	38	"F"	"administrator"	"48103"	307	4	1.04	5	1	4
152	33	"F"	"educator"	"68767"	106	4.32	0.99	5	1	5
153	25	"M"	"student"	"60641"	23	2.96	1.49	5	1	3
154	25	"M"	"student"	"53703"	51	3.96	0.89	5	2	4
155	32	"F"	"other"	"11217"	22	2.64	0.85	5	2	2
156	25	"M"	"educator"	"08360"	37	3.73	0.8	5	2	4
157	57	"M"	"engineer"	"70808"	51	3.78	1.24	5	1	4
158	50	"M"	"educator"	"27606"	173	3.8	1	5	1	4
159	23	"F"	"student"	"55346"	106	3.44	1.34	5	1	4
160	27	"M"	"programmer"	"66215"	120	3.92	1.01	5	1	4
161	50	"M"	"lawyer"	"55104"	58	2.55	1.13	5	1	2
162	25	"M"	"artist"	"15610"	42	3.6	0.73	5	2	4
163	49	"M"	"administrator"	"97212"	23	3.3	0.88	5	1	3
164	47	"M"	"healthcare"	"80123"	63	4.13	0.96	5	2	4
165	20	"F"	"other"	"53715"	29	4.03	0.87	5	2	4
166	47	"M"	"educator"	"55113"	20	3.55	1.43	5	1	4
167	37	"M"	"other"	"L9G2B"	69	3.38	1.46	5	1	4
168	48	"M"	"other"	"80127"	69	3.33	1.4	5	1	4
169	52	"F"	"other"	"53705"	37	3.97	0.99	5	1	4
170	53	"F"	"healthcare"	"30067"	21	3.81	0.93	5	3	3
171	48	"F"	"educator"	"78750"	28	3.46	0.74	5	2	4
172	55	"M"	"marketing"	"22207"	27	3.19	0.88	5	1	3
173	56	"M"	"other"	"22306"	43	4.21	0.83	5	1	4
174	30	"F"	"administrator"	"52302"	176	3.57	1.58	5	1	4
175	26	"F"	"scientist"	"21911"	38	3.74	1.13	5	1	4
176	28	"M"	"scientist"	"07030"	60	3.7	1.05	5	1	4
177	20	"M"	"programmer"	"19104"	115	3.62	0.99	5	1	4
178	26	"M"	"other"	"49512"	270	3.69	0.95	5	1	4
179	15	"M"	"entertainment"	"20755"	42	3.05	1.59	5	1	3
180	22	"F"	"administrator"	"60202"	63	3.94	1.31	5	1	4
181	26	"M"	"executive"	"21218"	433	1.49	0.85	5	1	1
182	36	"M"	"programmer"	"33884"	28	3.86	0.93	5	2	4
183	33	"M"	"scientist"	"27708"	53	3.19	1	5	1	3
184	37	"M"	"librarian"	"76013"	251	3.66	0.83	5	1	4
185	53	"F"	"librarian"	"97403"	48	4.04	0.71	5	1	4
186	39	"F"	"executive"	"00000"	92	3.41	1.22	5	1	4
187	26	"M"	"educator"	"16801"	56	4.07	0.91	5	1	4
188	42	"M"	"student"	"29440"	112	3.77	0.98	5	1	4
189	32	"M"	"artist"	"95014"	186	3.98	1.08	5	1	4
190	30	"M"	"administrator"	"95938"	59	3.32	0.99	5	1	3
191	33	"M"	"administrator"	"95161"	27	3.63	0.79	5	2	4
192	42	"M"	"educator"	"90840"	35	3.51	1.09	5	1	4
193	29	"M"	"student"	"49931"	120	3.17	1.12	5	1	3
194	38	"M"	"administrator"	"02154"	305	2.96	1.02	5	1	3
195	42	"M"	"scientist"	"93555"	95	3.28	1.03	5	1	3
196	49	"M"	"writer"	"55105"	39	3.62	1.02	5	1	4
197	55	"M"	"technician"	"75094"	118	3.34	1.23	5	1	3
198	21	"F"	"student"	"55414"	181	3.28	0.97	5	1	3
199	30	"M"	"writer"	"17604"	40	2.95	1.57	5	1	3
200	40	"M"	"programmer"	"93402"	216	4.03	0.86	5	2	4
201	27	"M"	"writer"	"E2A4H"	386	3.03	1.05	5	1	3
202	41	"F"	"educator"	"60201"	20	2.8	1.28	5	1	3
203	25	"F"	"student"	"32301"	43	3.42	1.05	5	1	3
204	52	"F"	"librarian"	"10960"	41	3.41	1.34	5	1	4
205	47	"M"	"lawyer"	"06371"	22	2.86	1.04	4	1	3
206	14	"F"	"student"	"53115"	64	2.17	1.46	5	1	1
207	39	"M"	"marketing"	"92037"	230	3.23	0.83	5	1	3
208	43	"M"	"engineer"	"01720"	33	3.79	1.02	5	1	4
209	33	"F"	"educator"	"85710"	33	3.18	1.24	5	1	3
210	39	"M"	"engineer"	"03060"	132	4.06	0.82	5	2	4
211	66	"M"	"salesman"	"32605"	37	3.19	1.13	5	1	3
212	49	"F"	"educator"	"61401"	24	3.88	1.3	5	1	4
213	33	"M"	"executive"	"55345"	126	4.23	0.87	5	1	4
214	26	"F"	"librarian"	"11231"	127	3.91	0.82	5	2	4
215	35	"M"	"programmer"	"63033"	93	3.77	0.89	5	2	4
216	22	"M"	"engineer"	"02215"	131	3.8	1	5	1	4
217	22	"M"	"other"	"11727"	76	2.96	1.38	5	1	3
218	37	"M"	"administrator"	"06513"	53	3.6	0.82	5	2	4
219	32	"M"	"programmer"	"43212"	28	3.71	1.58	5	1	4
220	30	"M"	"librarian"	"78205"	22	3.77	0.92	5	1	4
221	19	"M"	"student"	"20685"	145	3.61	0.89	5	1	4
222	29	"M"	"programmer"	"27502"	386	3.05	1.19	5	1	3
223	19	"F"	"student"	"47906"	105	3.03	1.3	5	1	3
224	31	"F"	"educator"	"43512"	141	2.99	1.1	5	1	3
225	51	"F"	"administrator"	"58202"	27	4.52	0.85	5	2	5
226	28	"M"	"student"	"92103"	50	3.8	0.93	5	1	4
227	46	"M"	"executive"	"60659"	58	3.45	1.06	5	1	4
228	21	"F"	"student"	"22003"	21	3.14	1.49	5	1	3
229	29	"F"	"librarian"	"22903"	30	2.73	1.46	5	1	3
230	28	"F"	"student"	"14476"	132	3.85	1.14	5	1	4
231	48	"M"	"librarian"	"01080"	21	3.67	0.91	5	1	4
232	45	"M"	"scientist"	"99709"	92	3.9	0.9	5	1	4
233	38	"M"	"engineer"	"98682"	110	4.35	0.79	5	2	5
234	60	"M"	"retired"	"94702"	478	3.13	0.92	5	1	3
235	37	"M"	"educator"	"22973"	94	3.98	0.83	5	1	4
236	44	"F"	"writer"	"53214"	124	3.48	1.17	5	1	4
237	49	"M"	"administrator"	"63146"	48	4.15	0.68	5	2	4
238	42	"F"	"administrator"	"44124"	29	3.28	0.84	5	1	3
239	39	"M"	"artist"	"95628"	159	4.21	1.25	5	1	5
240	23	"F"	"educator"	"20784"	24	3.75	1.33	5	1	4
241	26	"F"	"student"	"20001"	23	3.43	1.04	5	2	3
242	33	"M"	"educator"	"31404"	20	4.45	0.76	5	3	5
243	33	"M"	"educator"	"60201"	80	3.64	0.83	5	1	4
244	28	"M"	"technician"	"80525"	237	3.65	1.07	5	1	4
245	22	"M"	"student"	"55109"	22	3.27	1.12	5	1	3.5
246	19	"M"	"student"	"28734"	195	2.93	1.32	5	1	3
247	28	"M"	"engineer"	"20770"	26	3.92	0.89	5	2	4
248	25	"M"	"student"	"37235"	56	3.57	1.19	5	1	4
249	25	"M"	"student"	"84103"	161	4.11	0.86	5	1	4
250	29	"M"	"executive"	"95110"	122	3.79	1.06	5	1	4
251	28	"M"	"doctor"	"85032"	77	3.79	0.92	5	2	4
252	42	"M"	"engineer"	"07733"	21	4.43	0.68	5	3	5
253	26	"F"	"librarian"	"22903"	97	3.98	0.96	5	1	4
254	44	"M"	"educator"	"42647"	159	3.05	1.04	5	1	3
255	23	"M"	"entertainment"	"07029"	83	2.54	1.32	5	1	2
256	35	"F"	"none"	"39042"	207	3.99	0.95	5	1	4
257	17	"M"	"student"	"77005"	57	4.04	0.96	5	2	4
258	19	"F"	"student"	"77801"	23	3.74	1.39	5	1	4
259	21	"M"	"student"	"48823"	46	3.87	0.78	5	2	4
260	40	"F"	"artist"	"89801"	24	4.04	1.12	5	1	4
261	28	"M"	"administrator"	"85202"	27	4.11	0.89	5	2	4
262	19	"F"	"student"	"78264"	160	3.17	0.83	5	1	3
263	41	"M"	"programmer"	"55346"	123	4.05	1	5	1	4
264	36	"F"	"writer"	"90064"	120	4.22	1.01	5	1	5
265	26	"M"	"executive"	"84601"	46	3.57	1.13	5	1	4
266	62	"F"	"administrator"	"78756"	23	3.26	1.1	5	1	3
267	23	"M"	"engineer"	"83716"	185	3.94	0.89	5	1	4
268	24	"M"	"engineer"	"19422"	326	2.94	1.09	5	1	3
269	31	"F"	"librarian"	"43201"	322	3	1.4	5	1	3
270	18	"F"	"student"	"63119"	138	4.33	0.99	5	1	5
271	51	"M"	"engineer"	"22932"	278	3.58	1	5	1	4
272	33	"M"	"scientist"	"53706"	51	4.33	0.89	5	1	5
273	50	"F"	"other"	"10016"	22	3.64	0.73	5	2	4
274	20	"F"	"student"	"55414"	71	4.06	0.98	5	1	4
275	38	"M"	"engineer"	"92064"	95	3.12	0.6	4	2	3
276	21	"M"	"student"	"95064"	516	3.47	1.02	5	1	4
277	35	"F"	"administrator"	"55406"	54	3.5	0.84	5	1	4
278	37	"F"	"librarian"	"30033"	23	4.26	0.92	5	2	5
279	33	"M"	"programmer"	"85251"	434	3.27	1.2	5	1	3
280	30	"F"	"librarian"	"22903"	258	3.58	1	5	1	3.5
281	15	"F"	"student"	"06059"	26	3.19	1.23	5	1	3
282	22	"M"	"administrator"	"20057"	22	3.5	1.01	5	1	4
283	28	"M"	"programmer"	"55305"	53	4.13	0.83	5	2	4
284	40	"M"	"executive"	"92629"	47	3.55	0.8	5	2	3
285	25	"M"	"programmer"	"53713"	32	3.94	0.84	5	2	4
286	27	"M"	"student"	"15217"	287	3.71	1.16	5	1	4
287	21	"M"	"salesman"	"31211"	61	4.11	1.03	5	1	4
288	34	"M"	"marketing"	"23226"	75	3.88	1.21	5	1	4
289	11	"M"	"none"	"94619"	27	2.93	1.07	5	1	3
290	40	"M"	"engineer"	"93550"	150	3.35	0.91	5	1	3
291	19	"M"	"student"	"44106"	295	3.68	1.03	5	1	4
292	35	"F"	"programmer"	"94703"	124	4.23	0.8	5	2	4
293	24	"M"	"writer"	"60804"	387	3.03	1.04	5	1	3
294	34	"M"	"technician"	"92110"	148	3.47	0.96	5	1	3
295	31	"M"	"educator"	"50325"	196	4.24	0.79	5	1	4
296	43	"F"	"administrator"	"16803"	145	4.18	1.19	5	1	5
297	29	"F"	"educator"	"98103"	191	3.44	1.07	5	1	3
298	44	"M"	"executive"	"01581"	127	4.03	0.82	5	2	4
299	29	"M"	"doctor"	"63108"	279	3.47	0.91	5	1	4
300	26	"F"	"programmer"	"55106"	19	3.68	1	5	1	4
301	24	"M"	"student"	"55439"	275	3.53	0.97	5	1	4
302	42	"M"	"educator"	"77904"	20	2.45	0.89	4	1	2
303	19	"M"	"student"	"14853"	483	3.36	1.23	5	1	4
304	22	"F"	"student"	"71701"	26	3.38	1.06	5	1	3
305	23	"M"	"programmer"	"94086"	220	3.41	1.08	5	1	3
306	45	"M"	"other"	"73132"	32	3.78	1.01	5	1	4
307	25	"M"	"student"	"55454"	112	3.79	1.03	5	1	4
308	60	"M"	"retired"	"95076"	397	3.76	0.77	5	1	4
309	40	"M"	"scientist"	"70802"	20	3.5	1.05	5	2	3.5
310	37	"M"	"educator"	"91711"	21	3.86	1.42	5	1	4
311	32	"M"	"technician"	"73071"	293	3.8	0.87	5	1	4
312	48	"M"	"other"	"02110"	223	4.38	0.92	5	1	5
313	41	"M"	"marketing"	"60035"	262	3.6	1	5	1	4
314	20	"F"	"student"	"08043"	244	3.67	1.15	5	1	4
315	31	"M"	"educator"	"18301"	87	4.01	0.93	5	1	4
316	43	"F"	"other"	"77009"	75	3.36	1.44	5	1	4
317	22	"M"	"administrator"	"13210"	22	3.55	0.86	5	2	4
318	65	"M"	"retired"	"06518"	173	3.72	1.03	5	1	4
319	38	"M"	"programmer"	"22030"	22	3.45	0.8	5	2	3
320	19	"M"	"student"	"24060"	154	3.72	0.84	5	1	4
321	49	"F"	"educator"	"55413"	125	3.74	0.74	5	2	4
322	20	"M"	"student"	"50613"	51	4.18	0.84	5	2	4
323	21	"M"	"student"	"19149"	88	3.61	0.96	5	1	4
324	21	"F"	"student"	"02176"	66	4.35	0.81	5	1	5
325	48	"M"	"technician"	"02139"	141	3.42	1.12	5	1	3
326	41	"M"	"administrator"	"15235"	187	3.33	1.21	5	1	3
327	22	"M"	"student"	"11101"	282	3.3	0.92	5	1	4
328	51	"M"	"administrator"	"06779"	283	3.43	0.91	5	1	3
329	48	"M"	"educator"	"01720"	64	3.39	0.83	5	2	3
330	35	"F"	"educator"	"33884"	147	4.5	0.73	5	2	5
331	33	"M"	"entertainment"	"91344"	70	3.64	1.06	5	1	4
332	20	"M"	"student"	"40504"	183	4.15	0.91	5	2	4
333	47	"M"	"other"	"V0R2M"	26	3.85	0.97	5	1	4
334	32	"M"	"librarian"	"30002"	329	3.52	0.91	5	1	4
335	45	"M"	"executive"	"33775"	22	3.55	1.22	5	1	4
336	23	"M"	"salesman"	"42101"	130	2.96	1.28	5	1	3
337	37	"M"	"scientist"	"10522"	34	3.94	1.13	5	1	4
338	39	"F"	"librarian"	"59717"	75	4	0.94	5	1	4
339	35	"M"	"lawyer"	"37901"	254	4	0.92	5	1	4
340	46	"M"	"engineer"	"80123"	44	4.16	1.18	5	1	5
341	17	"F"	"student"	"44405"	20	3.75	1.12	5	1	4
342	25	"F"	"other"	"98006"	201	3.44	1.29	5	1	3
343	43	"M"	"engineer"	"30093"	236	3.98	1.09	5	1	4
344	30	"F"	"librarian"	"94117"	188	3.66	1.03	5	1	4
345	28	"F"	"librarian"	"94143"	230	3.64	0.92	5	1	4
346	34	"M"	"other"	"76059"	193	3.29	1.15	5	1	3
347	18	"M"	"student"	"90210"	198	3.57	1.32	5	1	4
348	24	"F"	"student"	"45660"	58	3.9	0.69	5	2	4
349	68	"M"	"retired"	"61455"	41	3.2	1.1	5	1	3
350	32	"M"	"student"	"97301"	50	4.32	0.82	5	2	4.5
351	61	"M"	"educator"	"49938"	44	4.16	0.94	5	1	4
352	37	"F"	"programmer"	"55105"	42	3.74	1.19	5	1	4
353	25	"M"	"scientist"	"28480"	25	3.36	1.35	5	1	4
354	29	"F"	"librarian"	"48197"	230	3.73	0.87	5	1	4
355	25	"M"	"student"	"60135"	26	4.08	0.48	5	3	4
356	32	"F"	"homemaker"	"92688"	24	3.58	1.14	5	1	4
357	26	"M"	"executive"	"98133"	76	4.13	0.9	5	2	4
358	40	"M"	"educator"	"10022"	43	3.7	1.21	5	1	4
359	22	"M"	"student"	"61801"	26	3.92	0.8	5	3	4
360	51	"M"	"other"	"98027"	101	3.96	0.86	5	2	4
361	22	"M"	"student"	"44074"	121	3.78	0.96	5	1	4
362	35	"F"	"homemaker"	"85233"	25	3.36	1.52	5	1	4
363	20	"M"	"student"	"87501"	311	3.05	1.28	5	1	3
364	63	"M"	"engineer"	"01810"	20	3.45	1.1	5	1	4
365	29	"M"	"lawyer"	"20009"	58	3.38	1.18	5	1	4
366	20	"F"	"student"	"50670"	33	4.39	1.09	5	1	5
367	17	"M"	"student"	"37411"	57	4.16	0.75	5	2	4
368	18	"M"	"student"	"92113"	44	3.3	1.11	5	1	3
369	24	"M"	"student"	"91335"	22	4	1.02	5	2	4
370	52	"M"	"writer"	"08534"	75	3.69	0.94	5	1	4
371	36	"M"	"engineer"	"99206"	51	4.1	0.94	5	1	4
372	25	"F"	"student"	"66046"	66	4.3	0.7	5	2	4
373	24	"F"	"other"	"55116"	233	3.73	0.95	5	1	4
374	36	"M"	"executive"	"78746"	274	3.31	1.3	5	1	3
375	17	"M"	"entertainment"	"37777"	28	3.68	0.86	5	2	4
376	28	"F"	"other"	"10010"	29	3.76	0.69	5	3	4
377	22	"M"	"student"	"18015"	33	3.91	0.95	5	2	4
378	35	"M"	"student"	"02859"	374	3.42	0.8	5	1	3
379	44	"M"	"programmer"	"98117"	196	3.99	0.94	5	1	4
380	32	"M"	"engineer"	"55117"	161	3.21	0.9	5	1	3
381	33	"M"	"artist"	"94608"	127	3.81	1.11	5	1	4
382	45	"M"	"engineer"	"01824"	53	3.47	1.05	5	1	3
383	42	"M"	"administrator"	"75204"	71	4.38	0.85	5	2	5
384	52	"M"	"programmer"	"45218"	22	4.14	0.56	5	3	4
385	36	"M"	"writer"	"10003"	279	3.29	1.22	5	1	3
386	36	"M"	"salesman"	"43221"	23	3.65	0.83	5	2	4
387	33	"M"	"entertainment"	"37412"	303	3.36	1.21	5	1	3
388	31	"M"	"other"	"36106"	51	4.16	0.86	5	2	4
389	44	"F"	"writer"	"83702"	271	3.7	1.03	5	1	4
390	42	"F"	"writer"	"85016"	31	3.84	1.19	5	1	4
391	23	"M"	"student"	"84604"	121	3.77	1.01	5	1	4
392	52	"M"	"writer"	"59801"	109	4.04	1.13	5	1	4
393	19	"M"	"student"	"83686"	447	3.34	0.82	5	1	3
394	25	"M"	"administrator"	"96819"	149	3.86	0.94	5	1	4
395	43	"M"	"other"	"44092"	57	3.89	1.1	5	1	4
396	57	"M"	"engineer"	"94551"	54	3.41	0.79	5	2	3
397	17	"M"	"student"	"27514"	102	3.71	1.33	5	1	4
398	40	"M"	"other"	"60008"	172	3.71	0.94	5	2	4
399	25	"M"	"other"	"92374"	318	2.94	0.8	5	1	3
400	33	"F"	"administrator"	"78213"	22	3.59	0.8	5	2	4
401	46	"F"	"healthcare"	"84107"	153	3.12	1.11	5	1	3
402	30	"M"	"engineer"	"95129"	68	3.9	0.99	5	1	4
403	37	"M"	"other"	"06811"	50	3.68	1.24	5	1	4
404	29	"F"	"programmer"	"55108"	44	3.25	1.1	5	1	3
405	22	"F"	"healthcare"	"10019"	736	1.83	1.35	5	1	1
406	52	"M"	"educator"	"93109"	341	3.53	1.07	5	1	4
407	29	"M"	"engineer"	"03261"	226	3.47	0.86	5	1	4
408	23	"M"	"student"	"61755"	27	3.74	1.1	5	1	4
409	48	"M"	"administrator"	"98225"	202	3.6	1.15	5	1	4
410	30	"F"	"artist"	"94025"	28	3.04	1.04	5	1	3
411	34	"M"	"educator"	"44691"	58	3.78	0.77	5	2	4
412	25	"M"	"educator"	"15222"	51	3.94	0.73	5	2	4
413	55	"M"	"educator"	"78212"	49	3.63	0.99	5	1	4
414	24	"M"	"programmer"	"38115"	25	3.88	1.13	5	1	4
415	39	"M"	"educator"	"85711"	24	4.17	1.05	5	1	4
416	20	"F"	"student"	"92626"	487	3.85	1.1	5	1	4
417	27	"F"	"other"	"48103"	364	3.24	0.94	5	1	3
418	55	"F"	"none"	"21206"	20	2.9	1.52	5	1	2.5
419	37	"M"	"lawyer"	"43215"	32	4.22	0.91	5	1	4
420	53	"M"	"educator"	"02140"	36	4.17	0.85	5	3	4
421	38	"F"	"programmer"	"55105"	62	3.85	1.04	5	1	4
422	26	"M"	"entertainment"	"94533"	96	3.46	0.93	5	1	3.5
423	64	"M"	"other"	"91606"	63	3.59	0.93	5	1	4
424	36	"F"	"marketing"	"55422"	44	3.36	1.33	5	1	3.5
425	19	"M"	"student"	"58644"	203	2.96	1.1	5	1	3
426	55	"M"	"educator"	"01602"	101	3.83	0.81	5	1	4
427	51	"M"	"doctor"	"85258"	31	4.55	0.77	5	2	5
428	28	"M"	"student"	"55414"	55	3.93	0.81	5	1	4
429	27	"M"	"student"	"29205"	414	3.39	0.91	5	1	3
430	38	"M"	"scientist"	"98199"	64	3.55	0.99	5	1	4
431	24	"M"	"marketing"	"92629"	21	3.38	0.74	5	2	3
432	22	"M"	"entertainment"	"50311"	62	3.71	1.08	5	1	4
433	27	"M"	"artist"	"11211"	40	3.5	1.34	5	1	3
434	16	"F"	"student"	"49705"	44	3.7	1.42	5	1	4
435	24	"M"	"engineer"	"60007"	378	3.31	1.06	5	1	3
436	30	"F"	"administrator"	"17345"	145	3.75	0.9	5	1	4
437	27	"F"	"other"	"20009"	263	3.58	1.16	5	1	4
438	51	"F"	"administrator"	"43204"	33	4.06	0.93	5	2	4
439	23	"F"	"administrator"	"20817"	30	3.7	0.88	5	2	4
440	30	"M"	"other"	"48076"	51	4.18	1.18	5	1	5
441	50	"M"	"technician"	"55013"	20	3.5	0.76	5	2	4
442	22	"M"	"student"	"85282"	143	3.13	0.92	5	1	3
443	35	"M"	"salesman"	"33308"	24	3.38	1.5	5	1	3.5
444	51	"F"	"lawyer"	"53202"	24	3.79	1.1	5	1	4
445	21	"M"	"writer"	"92653"	134	1.99	1.1	5	1	2
446	57	"M"	"educator"	"60201"	36	2.75	0.91	5	1	3
447	30	"M"	"administrator"	"55113"	139	3.6	0.98	5	1	4
448	23	"M"	"entertainment"	"10021"	38	3.34	1.42	5	1	4
449	23	"M"	"librarian"	"55021"	75	3.75	1.15	5	1	4
450	35	"F"	"educator"	"11758"	538	3.86	0.86	5	1	4
451	16	"M"	"student"	"48446"	96	2.73	1.37	5	1	3
452	35	"M"	"administrator"	"28018"	206	3.41	1.24	5	1	4
453	18	"M"	"student"	"06333"	155	3.28	1.06	5	1	3
454	57	"M"	"other"	"97330"	236	2.98	0.93	5	1	3
455	48	"M"	"administrator"	"83709"	189	3.5	0.75	5	1	4
456	24	"M"	"technician"	"31820"	217	3.46	0.84	5	1	4
457	33	"F"	"salesman"	"30011"	276	4.03	0.95	5	1	4
458	47	"M"	"technician"	"Y1A6B"	183	3.69	1.11	5	1	4
459	22	"M"	"student"	"29201"	118	3.38	1.05	5	1	3
460	44	"F"	"other"	"60630"	67	3.42	0.89	5	2	3
461	15	"M"	"student"	"98102"	23	3	1.13	5	1	3
462	19	"F"	"student"	"02918"	33	4	1.32	5	1	5
463	48	"F"	"healthcare"	"75218"	132	2.86	1.29	5	1	3
464	60	"M"	"writer"	"94583"	53	4.04	0.88	5	2	4
465	32	"M"	"other"	"05001"	80	3.44	0.81	5	1	3
466	22	"M"	"student"	"90804"	101	3.47	1.13	5	1	3
467	29	"M"	"engineer"	"91201"	43	3.65	0.97	5	2	4
468	28	"M"	"engineer"	"02341"	143	3.99	0.9	5	2	4
469	60	"M"	"educator"	"78628"	43	4.53	0.55	5	3	5
470	24	"M"	"programmer"	"10021"	56	3.61	0.78	5	2	4
471	10	"M"	"student"	"77459"	31	3.39	1.52	5	1	4
472	24	"M"	"student"	"87544"	263	4.23	0.92	5	1	4
473	29	"M"	"student"	"94708"	34	3.88	0.91	5	2	4
474	51	"M"	"executive"	"93711"	327	4.08	0.82	5	1	4
475	30	"M"	"programmer"	"75230"	20	3.6	1.35	5	1	4
476	28	"M"	"student"	"60440"	83	3.37	1.02	5	1	4
477	23	"F"	"student"	"02125"	35	4.46	0.51	5	4	4
478	29	"M"	"other"	"10019"	113	3.42	1.25	5	1	4
479	30	"M"	"educator"	"55409"	200	3.42	1.19	5	1	4
480	57	"M"	"retired"	"98257"	60	3.73	0.9	5	1	4
481	73	"M"	"retired"	"37771"	56	3.98	0.9	5	1	4
482	18	"F"	"student"	"40256"	25	3.44	0.77	5	2	4
483	29	"M"	"scientist"	"43212"	59	3.05	0.94	5	1	3
484	27	"M"	"student"	"21208"	139	3.99	0.99	5	1	4
485	44	"F"	"educator"	"95821"	26	3.04	1.11	5	1	3
486	39	"M"	"educator"	"93101"	187	3.22	0.99	5	1	3
487	22	"M"	"engineer"	"92121"	231	3.65	1.16	5	1	4
488	48	"M"	"technician"	"21012"	153	3.35	0.91	5	1	4
489	55	"M"	"other"	"45218"	107	3.73	1.1	5	2	4
490	29	"F"	"artist"	"V5A2B"	57	2.79	1.22	5	1	3
491	43	"F"	"writer"	"53711"	33	3.85	1.23	5	1	4
492	57	"M"	"educator"	"94618"	55	3.53	1.03	5	1	3
493	22	"M"	"engineer"	"60090"	134	3.78	1.17	5	1	4
494	38	"F"	"administrator"	"49428"	47	3.87	1.1	5	1	4
495	29	"M"	"engineer"	"03052"	213	3.95	1.13	5	1	4
496	21	"F"	"student"	"55414"	128	3.02	1.28	5	1	3
497	20	"M"	"student"	"50112"	279	3.18	0.91	5	1	3
498	26	"M"	"writer"	"55408"	149	3.29	0.92	5	1	3
499	42	"M"	"programmer"	"75006"	102	3.86	1.02	5	1	4
500	28	"M"	"administrator"	"94305"	224	3.33	1.01	5	1	3
501	22	"M"	"student"	"10025"	73	3.77	0.59	5	3	4
502	22	"M"	"student"	"23092"	36	3.11	1.14	5	1	3
503	50	"F"	"writer"	"27514"	158	4.01	1.24	5	1	5
504	40	"F"	"writer"	"92115"	251	3.62	0.82	5	1	4
505	27	"F"	"other"	"20657"	112	3.37	1	5	1	3
506	46	"M"	"programmer"	"03869"	242	3.67	1.08	5	1	4
507	18	"F"	"writer"	"28450"	58	4.72	0.77	5	1	5
508	27	"M"	"marketing"	"19382"	87	3.83	0.98	5	1	4
509	23	"M"	"administrator"	"10011"	32	2.56	1.32	5	1	2
510	34	"M"	"other"	"98038"	29	2.79	1.11	5	1	3
511	22	"M"	"student"	"21250"	24	3.75	1.11	5	1	4
512	29	"M"	"other"	"20090"	21	4.33	0.86	5	2	5
513	43	"M"	"administrator"	"26241"	22	4.36	0.73	5	3	4.5
514	27	"M"	"programmer"	"20707"	194	3.84	0.89	5	1	4
515	53	"M"	"marketing"	"49508"	40	3	0.93	5	1	3
516	53	"F"	"librarian"	"10021"	21	4.1	0.77	5	3	4
517	24	"M"	"student"	"55454"	37	3.3	1.24	5	1	3
518	49	"F"	"writer"	"99709"	73	3.64	1.1	5	1	4
519	22	"M"	"other"	"55320"	48	4.1	1.42	5	1	5
520	62	"M"	"healthcare"	"12603"	23	3.43	1.31	5	1	4
521	19	"M"	"student"	"02146"	149	3.13	0.87	5	1	3
522	36	"M"	"engineer"	"55443"	30	4.33	0.8	5	2	4.5
523	50	"F"	"administrator"	"04102"	100	4.36	0.72	5	2	4
524	56	"M"	"educator"	"02159"	305	3.49	1.06	5	1	4
525	27	"F"	"administrator"	"19711"	54	3.3	0.9	5	1	3
526	30	"M"	"marketing"	"97124"	68	3.24	1.27	5	1	3
527	33	"M"	"librarian"	"12180"	137	3.83	0.95	5	1	4
528	18	"M"	"student"	"55104"	53	3.72	1.08	5	1	4
529	47	"F"	"administrator"	"44224"	43	3.6	0.88	5	1	4
530	29	"M"	"engineer"	"94040"	45	3.89	0.78	5	2	4
531	30	"F"	"salesman"	"97408"	30	3.23	1.65	5	1	4
532	20	"M"	"student"	"92705"	270	4.13	0.98	5	1	4
533	43	"M"	"librarian"	"02324"	259	3.38	1.06	5	1	4
534	20	"M"	"student"	"05464"	80	4.08	0.85	5	1	4
535	45	"F"	"educator"	"80302"	218	3.94	0.85	5	1	4
536	38	"M"	"engineer"	"30078"	162	3.87	0.99	5	1	4
537	36	"M"	"engineer"	"22902"	489	2.87	0.97	5	1	3
538	31	"M"	"scientist"	"21010"	81	3.62	0.94	5	1	4
539	53	"F"	"administrator"	"80303"	56	3.98	0.9	5	2	4
540	28	"M"	"engineer"	"91201"	63	3.71	0.61	5	2	4
541	19	"F"	"student"	"84302"	132	3.62	1.12	5	1	4
542	21	"M"	"student"	"60515"	135	3.49	0.8	5	2	4
543	33	"M"	"scientist"	"95123"	197	3.53	0.73	5	2	4
544	44	"F"	"other"	"29464"	31	2.81	1.01	5	1	3
545	27	"M"	"technician"	"08052"	161	3.52	0.82	5	1	3
546	36	"M"	"executive"	"22911"	59	3.9	1.11	5	1	4
547	50	"M"	"educator"	"14534"	23	3.65	1.03	5	1	4
548	51	"M"	"writer"	"95468"	155	3.67	1.21	5	1	4
549	42	"M"	"scientist"	"45680"	25	3.72	0.84	5	2	4
550	16	"F"	"student"	"95453"	40	3.67	1.21	5	1	4
551	25	"M"	"programmer"	"55414"	334	3.8	1.35	5	1	4
552	45	"M"	"other"	"68147"	84	3.1	0.55	4	2	3
553	58	"M"	"educator"	"62901"	100	4.17	0.78	5	2	4
554	32	"M"	"scientist"	"62901"	114	3.57	0.79	5	1	4
555	29	"F"	"educator"	"23227"	52	4.02	0.7	5	2	4
556	35	"F"	"educator"	"30606"	44	4.2	1.19	5	1	5
557	30	"F"	"writer"	"11217"	51	3.75	1.07	5	1	4
558	56	"F"	"writer"	"63132"	20	4.2	0.83	5	2	4
559	69	"M"	"executive"	"10022"	76	3.58	1.1	5	1	4
560	32	"M"	"student"	"10003"	100	3.39	0.94	5	1	3
561	23	"M"	"engineer"	"60005"	357	3.03	1.01	5	1	3
562	54	"F"	"administrator"	"20879"	72	3.54	1.46	5	1	4
563	39	"F"	"librarian"	"32707"	30	3.77	1.07	5	1	4
564	65	"M"	"retired"	"94591"	34	3.41	0.66	4	2	3.5
565	40	"M"	"student"	"55422"	35	4.54	0.7	5	2	5
566	20	"M"	"student"	"14627"	149	3.44	1.11	5	1	4
567	24	"M"	"entertainment"	"10003"	153	3.96	0.99	5	1	4
568	39	"M"	"educator"	"01915"	81	3.37	1.15	5	1	4
569	34	"M"	"educator"	"91903"	70	3.49	0.91	5	1	3
570	26	"M"	"educator"	"14627"	22	2.68	1.29	5	1	3
571	34	"M"	"artist"	"01945"	20	3.45	0.76	4	2	4
572	51	"M"	"educator"	"20003"	20	3.25	1.16	5	1	3.5
573	68	"M"	"retired"	"48911"	51	3.75	0.63	5	2	4
574	56	"M"	"educator"	"53188"	46	3.52	1.19	5	1	4
575	33	"M"	"marketing"	"46032"	26	3.15	1.46	5	1	3
576	48	"M"	"executive"	"98281"	36	3.53	0.88	5	1	4
577	36	"F"	"student"	"77845"	188	3.8	0.84	5	1	4
578	31	"M"	"administrator"	"M7A1A"	23	2.7	1.11	5	1	3
579	32	"M"	"educator"	"48103"	74	3.47	0.91	5	1	3
580	16	"M"	"student"	"17961"	46	3.57	1.17	5	1	3.5
581	37	"M"	"other"	"94131"	28	4.04	1	5	2	4
582	17	"M"	"student"	"93003"	61	3.26	1.15	5	1	3
583	44	"M"	"engineer"	"29631"	27	4.44	0.7	5	2	5
584	25	"M"	"student"	"27511"	24	3.54	0.93	5	1	4
585	69	"M"	"librarian"	"98501"	80	3.74	0.94	5	2	4
586	20	"M"	"student"	"79508"	166	3.33	0.87	5	1	3
587	26	"M"	"other"	"14216"	96	3	1.04	5	1	3
588	18	"F"	"student"	"93063"	225	3.74	1.19	5	1	4
589	21	"M"	"lawyer"	"90034"	43	3.44	1.48	5	1	4
590	50	"M"	"educator"	"82435"	48	3.5	1.19	5	1	4
591	57	"F"	"librarian"	"92093"	84	3.65	0.78	5	2	4
592	18	"M"	"student"	"97520"	356	3.82	1.33	5	1	4
593	31	"F"	"educator"	"68767"	156	3.61	1.08	5	1	4
594	46	"M"	"educator"	"M4J2K"	25	3.48	0.65	5	2	3
595	25	"M"	"programmer"	"31909"	95	3.19	1.07	5	1	3
596	20	"M"	"artist"	"77073"	20	3.6	0.88	5	2	4
597	23	"M"	"other"	"84116"	41	3.63	1.2	5	1	4
598	40	"F"	"marketing"	"43085"	25	3.68	1.03	5	2	4
599	22	"F"	"student"	"R3T5K"	47	3.89	1.09	5	1	4
600	34	"M"	"programmer"	"02320"	89	3.58	1.01	5	1	4
601	19	"F"	"artist"	"99687"	148	3.08	1.32	5	1	3.5
602	47	"F"	"other"	"34656"	29	3.79	0.77	5	2	4
603	21	"M"	"programmer"	"47905"	47	3.79	1.1	5	1	4
604	39	"M"	"educator"	"11787"	27	3.3	1.27	5	1	3
605	33	"M"	"engineer"	"33716"	90	3.76	1.19	5	1	4
606	28	"M"	"programmer"	"63044"	236	3.97	0.88	5	1	4
607	49	"F"	"healthcare"	"02154"	37	3.84	0.69	5	2	4
608	22	"M"	"other"	"10003"	162	3.67	1.24	5	1	4
609	13	"F"	"student"	"55106"	28	2.39	1.75	5	1	1
610	22	"M"	"student"	"21227"	75	3.73	1.07	5	1	4
611	46	"M"	"librarian"	"77008"	42	3.83	1.1	5	1	4
612	36	"M"	"educator"	"79070"	27	3.37	0.97	5	2	3
613	37	"F"	"marketing"	"29678"	27	4.3	0.87	5	2	5
614	54	"M"	"educator"	"80227"	39	3.13	1.1	5	1	3
615	38	"M"	"educator"	"27705"	103	3.86	1.09	5	1	4
616	55	"M"	"scientist"	"50613"	42	3.64	0.79	5	2	4
617	27	"F"	"writer"	"11201"	107	2.64	1.33	5	1	3
618	15	"F"	"student"	"44212"	216	3.29	0.98	5	1	3
619	17	"M"	"student"	"44134"	89	3.51	1.27	5	1	4
620	18	"F"	"writer"	"81648"	109	3.83	1.02	5	1	4
621	17	"M"	"student"	"60402"	170	3.56	1.05	5	1	4
622	25	"M"	"programmer"	"14850"	228	3.39	1.14	5	1	4
623	50	"F"	"educator"	"60187"	45	3.73	1.05	5	1	4
624	19	"M"	"student"	"30067"	139	3.53	0.75	5	1	4
625	27	"M"	"programmer"	"20723"	106	3.43	0.73	5	2	3
626	23	"M"	"scientist"	"19807"	31	2.39	1.54	5	1	2
627	24	"M"	"engineer"	"08034"	181	3.29	1.08	5	1	3
628	13	"M"	"none"	"94306"	27	4.7	0.72	5	2	5
629	46	"F"	"other"	"44224"	120	4.09	0.99	5	1	4
630	26	"F"	"healthcare"	"55408"	108	3.32	1.06	5	1	3
631	18	"F"	"student"	"38866"	20	3.1	0.91	4	2	3
632	18	"M"	"student"	"55454"	118	3.66	1.02	5	1	4
633	35	"M"	"programmer"	"55414"	58	3.31	0.75	5	1	3
634	39	"M"	"engineer"	"T8H1N"	135	3.37	0.95	5	1	3
635	22	"M"	"other"	"23237"	33	3.21	1.05	5	1	3
636	47	"M"	"educator"	"48043"	20	4.45	0.83	5	3	5
637	30	"M"	"other"	"74101"	103	2.5	1.2	5	1	2
638	45	"M"	"engineer"	"01940"	67	3.54	1.03	5	1	4
639	42	"F"	"librarian"	"12065"	147	2.97	1.13	5	1	3
640	20	"M"	"student"	"61801"	109	4.23	0.81	5	1	4
641	24	"M"	"student"	"60626"	39	4.1	0.79	5	2	4
642	18	"F"	"student"	"95521"	318	3.62	1.16	5	1	4
643	39	"M"	"scientist"	"55122"	205	3.73	0.79	5	2	4
644	51	"M"	"retired"	"63645"	42	4	0.62	5	1	4
645	27	"M"	"programmer"	"53211"	122	3.96	0.86	5	1	4
646	17	"F"	"student"	"51250"	38	2.95	0.7	5	1	3
647	40	"M"	"educator"	"45810"	58	3.83	0.65	5	2	4
648	43	"M"	"engineer"	"91351"	295	3.25	1.27	5	1	3
649	20	"M"	"student"	"39762"	24	3.79	0.98	5	2	4
650	42	"M"	"engineer"	"83814"	311	3.15	0.8	5	1	3
651	65	"M"	"retired"	"02903"	21	3.29	1.38	5	1	3
652	35	"M"	"other"	"22911"	22	3.14	1.04	5	1	3
653	31	"M"	"executive"	"55105"	282	2.7	1.18	5	1	3
654	27	"F"	"student"	"78739"	146	3.71	1.07	5	1	4
655	50	"F"	"healthcare"	"60657"	678	2.9	0.73	5	1	3
656	48	"M"	"educator"	"10314"	24	2.54	1.1	5	1	3
657	26	"F"	"none"	"78704"	29	3.24	1.21	5	1	4
658	33	"M"	"programmer"	"92626"	71	3.73	0.81	5	2	4
659	31	"M"	"educator"	"54248"	191	3.79	0.84	5	1	4
660	26	"M"	"student"	"77380"	223	2.59	0.97	5	1	2
661	28	"M"	"programmer"	"98121"	121	3.92	0.91	5	1	4
662	55	"M"	"librarian"	"19102"	22	3.82	0.96	5	2	4
663	26	"M"	"other"	"19341"	158	3.53	0.91	5	1	4
664	30	"M"	"engineer"	"94115"	166	3.75	0.94	5	1	4
665	25	"M"	"administrator"	"55412"	142	3.48	0.78	5	1	4
666	44	"M"	"administrator"	"61820"	245	3.67	0.79	5	2	4
667	35	"M"	"librarian"	"01970"	47	3.96	1.02	5	1	4
668	29	"F"	"writer"	"10016"	46	3.52	1.05	5	1	4
669	37	"M"	"other"	"20009"	98	3.41	1.16	5	1	3
670	30	"M"	"technician"	"21114"	46	3.85	1.03	5	2	4
671	21	"M"	"programmer"	"91919"	124	3.58	1.16	5	1	3
672	54	"F"	"administrator"	"90095"	29	3.24	1.12	5	1	3
673	51	"M"	"educator"	"22906"	35	3.89	0.99	5	1	4
674	13	"F"	"student"	"55337"	41	3.66	0.99	5	1	4
675	34	"M"	"other"	"28814"	34	3.71	1.36	5	1	4
676	30	"M"	"programmer"	"32712"	76	3.62	1.44	5	1	4
677	20	"M"	"other"	"99835"	49	3.59	1.38	5	1	4
678	50	"M"	"educator"	"61462"	28	3.43	1	5	1	3
679	20	"F"	"student"	"54302"	62	3.66	0.97	5	1	4
680	33	"M"	"lawyer"	"90405"	38	4	0.77	5	2	4
681	44	"F"	"marketing"	"97208"	22	3.23	1.48	5	1	3.5
682	23	"M"	"programmer"	"55128"	397	3.13	1.01	5	1	3
683	42	"M"	"librarian"	"23509"	75	3.23	1.02	5	1	3
684	28	"M"	"student"	"55414"	86	3.49	0.93	5	1	4
685	32	"F"	"librarian"	"55409"	20	2.05	0.76	3	1	2
686	32	"M"	"educator"	"26506"	71	4.56	0.87	5	1	5
687	31	"F"	"healthcare"	"27713"	21	3.48	0.87	5	2	4
688	37	"F"	"administrator"	"60476"	24	4.83	0.64	5	2	5
689	25	"M"	"other"	"45439"	36	3.83	1.23	5	1	4
690	35	"M"	"salesman"	"63304"	115	3.15	1.08	5	1	3
691	34	"M"	"educator"	"60089"	31	4.26	1.15	5	1	5
692	34	"M"	"engineer"	"18053"	40	3.27	0.88	5	1	3
693	43	"F"	"healthcare"	"85210"	154	3.14	0.96	5	1	3
694	60	"M"	"programmer"	"06365"	157	4.15	0.64	5	3	4
695	26	"M"	"writer"	"38115"	38	3.29	1.31	5	1	4
696	55	"M"	"other"	"94920"	29	3.93	1.22	5	1	4
697	25	"M"	"other"	"77042"	103	3.72	1.26	5	1	4
698	28	"F"	"programmer"	"06906"	127	2.84	1.13	5	1	3
699	44	"M"	"other"	"96754"	148	3.14	0.74	5	1	3
700	17	"M"	"student"	"76309"	21	3.67	0.73	5	3	4
701	51	"F"	"librarian"	"56321"	32	4.22	0.75	5	3	4
702	37	"M"	"other"	"89104"	31	2.45	1.52	5	1	2
703	26	"M"	"educator"	"49512"	47	3.53	1.06	5	1	4
704	51	"F"	"librarian"	"91105"	90	3.78	1.03	5	2	4
705	21	"F"	"student"	"54494"	114	3.71	1.13	5	1	4
706	23	"M"	"student"	"55454"	29	3.31	1.2	5	1	4
707	56	"F"	"librarian"	"19146"	234	3.49	1.02	5	1	4
708	26	"F"	"homemaker"	"96349"	105	3.2	1.27	5	1	3
709	21	"M"	"other"	"N4T1A"	138	3.57	1.01	5	1	4
710	19	"M"	"student"	"92020"	86	3.7	0.81	5	1	4
711	22	"F"	"student"	"15203"	221	3.86	1.02	5	1	4
712	22	"F"	"student"	"54901"	162	3.77	0.91	5	1	4
713	42	"F"	"other"	"07204"	30	2.97	0.89	5	1	3
714	26	"M"	"engineer"	"55343"	44	3.52	1.05	5	1	3
715	21	"M"	"technician"	"91206"	167	3.38	1.06	5	1	4
716	36	"F"	"administrator"	"44265"	269	3.89	1.04	5	1	4
717	24	"M"	"technician"	"84105"	92	3.7	1.13	5	1	4
718	42	"M"	"technician"	"64118"	39	3.69	1.06	5	1	4
719	37	"F"	"other"	"V0R2H"	67	3.1	1.21	5	1	3
720	49	"F"	"administrator"	"16506"	30	3.97	0.76	5	2	4
721	24	"F"	"entertainment"	"11238"	166	3.54	1.02	5	1	3
722	50	"F"	"homemaker"	"17331"	42	3.62	0.82	5	2	4
723	26	"M"	"executive"	"94403"	22	3.27	0.94	5	1	3
724	31	"M"	"executive"	"40243"	84	2.18	1.32	5	1	2
725	21	"M"	"student"	"91711"	25	3.8	0.96	5	1	4
726	25	"F"	"administrator"	"80538"	24	3	1.29	5	1	3
727	25	"M"	"student"	"78741"	321	3.03	1.03	5	1	3
728	58	"M"	"executive"	"94306"	26	3.58	0.76	5	2	4
729	19	"M"	"student"	"56567"	21	2.86	1.24	5	1	3
730	31	"F"	"scientist"	"32114"	37	3.22	1.18	5	1	3
731	41	"F"	"educator"	"70403"	83	3.39	1.44	5	1	4
732	28	"F"	"other"	"98405"	20	3.7	1.38	5	1	4
733	44	"F"	"other"	"60630"	107	3.03	1.06	5	1	3
734	25	"F"	"other"	"63108"	64	3.61	1.02	5	1	4
735	29	"F"	"healthcare"	"85719"	53	3.32	0.98	5	1	3
736	48	"F"	"writer"	"94618"	24	3	1.41	5	1	3
737	30	"M"	"programmer"	"98072"	33	3.97	1.02	5	1	4
738	35	"M"	"technician"	"95403"	148	3.68	0.83	5	2	4
739	35	"M"	"technician"	"73162"	35	3.6	1.54	5	1	4
740	25	"F"	"educator"	"22206"	20	3.4	0.99	5	1	3.5
741	25	"M"	"writer"	"63108"	104	3.46	1.04	5	1	3
742	35	"M"	"student"	"29210"	26	3.46	1.1	5	1	4
743	31	"M"	"programmer"	"92660"	34	3.65	1.1	5	1	4
744	35	"M"	"marketing"	"47024"	27	3.85	0.86	5	2	4
745	42	"M"	"writer"	"55113"	60	3.1	1.3	5	1	3
746	25	"M"	"engineer"	"19047"	67	3.64	1.01	5	1	4
747	19	"M"	"other"	"93612"	291	4.05	1.14	5	1	4
748	28	"M"	"administrator"	"94720"	108	3.72	0.78	5	1	4
749	33	"M"	"other"	"80919"	305	3.62	0.96	5	1	4
750	28	"M"	"administrator"	"32303"	32	3.12	1.04	4	1	3
751	24	"F"	"other"	"90034"	167	3.55	1.07	5	1	4
752	60	"M"	"retired"	"21201"	73	3.21	1.21	5	1	3
753	56	"M"	"salesman"	"91206"	57	3.6	1.19	5	1	4
754	59	"F"	"librarian"	"62901"	34	3.38	0.89	5	1	3
755	44	"F"	"educator"	"97007"	38	3.11	1.27	5	1	3
756	30	"F"	"none"	"90247"	109	3.19	0.99	5	1	3
757	26	"M"	"student"	"55104"	166	3.37	0.77	5	1	3
758	27	"M"	"student"	"53706"	355	3.88	1.03	5	1	4
759	20	"F"	"student"	"68503"	32	4.06	0.95	5	2	4
760	35	"F"	"other"	"14211"	41	3.24	1.2	5	1	3
761	17	"M"	"student"	"97302"	66	2.85	1.43	5	1	3
762	32	"M"	"administrator"	"95050"	21	3.05	1.69	5	1	3
763	27	"M"	"scientist"	"02113"	129	3.78	0.88	5	2	4
764	27	"F"	"educator"	"62903"	109	3.69	0.88	5	1	4
765	31	"M"	"student"	"33066"	23	4.09	1.12	5	2	4
766	42	"M"	"other"	"10960"	175	3.35	0.84	5	1	3
767	70	"M"	"engineer"	"00000"	37	4.43	0.55	5	3	4
768	29	"M"	"administrator"	"12866"	64	3.27	1.16	5	1	3
769	39	"M"	"executive"	"06927"	29	3.07	1.03	5	1	3
770	28	"M"	"student"	"14216"	62	4.27	0.87	5	2	4.5
771	26	"M"	"student"	"15232"	70	3.71	1.34	5	1	4
772	50	"M"	"writer"	"27105"	33	4	0.83	5	2	4
773	20	"M"	"student"	"55414"	161	3.28	1.2	5	1	3
774	30	"M"	"student"	"80027"	224	2.06	1.14	5	1	2
775	46	"M"	"executive"	"90036"	27	3.81	0.79	5	2	4
776	30	"M"	"librarian"	"51157"	105	3.47	1.12	5	1	4
777	63	"M"	"programmer"	"01810"	36	4.06	1.24	5	1	4
778	34	"M"	"student"	"01960"	64	2.97	1.23	5	1	3
779	31	"M"	"student"	"K7L5J"	37	3.92	0.76	5	2	4
780	49	"M"	"programmer"	"94560"	55	3.87	1.09	5	1	4
781	20	"M"	"student"	"48825"	42	3.79	1.28	5	1	4
782	21	"F"	"artist"	"33205"	227	2.8	0.87	5	1	3
783	30	"M"	"marketing"	"77081"	29	3.86	0.88	5	1	4
784	47	"M"	"administrator"	"91040"	39	3.85	0.67	5	3	4
785	32	"M"	"engineer"	"23322"	27	3.7	0.82	5	2	4
786	36	"F"	"engineer"	"01754"	117	3.87	0.89	5	1	4
787	18	"F"	"student"	"98620"	56	3.12	1.06	5	1	3
788	51	"M"	"administrator"	"05779"	249	3.34	0.91	5	1	3
789	29	"M"	"other"	"55420"	33	3.67	1.05	5	1	4
790	27	"M"	"technician"	"80913"	230	3.01	0.99	5	1	3
791	31	"M"	"educator"	"20064"	25	3.8	1.12	5	1	4
792	40	"M"	"programmer"	"12205"	47	3.13	0.85	5	1	3
793	22	"M"	"student"	"85281"	55	3.51	0.77	5	2	3
794	32	"M"	"educator"	"57197"	39	4.31	0.73	5	2	4
795	30	"M"	"programmer"	"08610"	159	3.13	0.89	5	1	3
796	32	"F"	"writer"	"33755"	358	3.6	1.06	5	1	4
797	44	"F"	"other"	"62522"	26	2.65	1.23	5	1	2
798	40	"F"	"writer"	"64131"	238	3.33	0.93	5	1	3
799	49	"F"	"administrator"	"19716"	24	4	0.83	5	2	4
800	25	"M"	"programmer"	"55337"	28	3.75	0.65	5	2	4
801	22	"M"	"writer"	"92154"	26	4.04	1.15	5	1	4
802	35	"M"	"administrator"	"34105"	74	3.49	0.97	5	1	4
803	70	"M"	"administrator"	"78212"	33	3.09	1.44	5	1	3
804	39	"M"	"educator"	"61820"	331	3.67	0.8	5	1	4
805	27	"F"	"other"	"20009"	273	3.35	1.21	5	1	3
806	27	"M"	"marketing"	"11217"	140	3.64	0.97	5	1	4
807	41	"F"	"healthcare"	"93555"	204	3.89	0.83	5	1	4
808	45	"M"	"salesman"	"90016"	23	4.13	1.01	5	1	4
809	50	"F"	"marketing"	"30803"	20	3.45	1.28	5	1	3.5
810	55	"F"	"other"	"80526"	25	4.44	0.71	5	3	5
811	40	"F"	"educator"	"73013"	21	4.14	0.91	5	2	4
812	22	"M"	"technician"	"76234"	20	3.5	1.24	5	1	4
813	14	"F"	"student"	"02136"	28	2.82	1.31	5	1	3
814	30	"M"	"other"	"12345"	35	2.97	0.71	4	2	3
815	32	"M"	"other"	"28806"	183	3.74	1.14	5	1	4
816	34	"M"	"other"	"20755"	25	3.84	0.85	5	2	4
817	19	"M"	"student"	"60152"	36	3.36	0.9	5	1	3.5
818	28	"M"	"librarian"	"27514"	21	3.48	1.25	5	1	4
819	59	"M"	"administrator"	"40205"	27	4.07	1.04	5	1	4
820	22	"M"	"student"	"37725"	21	3	1.34	5	1	3
821	37	"M"	"engineer"	"77845"	62	4.34	0.87	5	2	5
822	29	"F"	"librarian"	"53144"	25	3.12	1.01	5	1	3
823	27	"M"	"artist"	"50322"	185	4.01	0.93	5	1	4
824	31	"M"	"other"	"15017"	20	2.6	0.94	4	1	2.5
825	44	"M"	"engineer"	"05452"	145	3.61	1.07	5	1	4
826	28	"M"	"artist"	"77048"	115	3.83	0.83	5	2	4
827	23	"F"	"engineer"	"80228"	28	3.25	0.65	5	2	3
828	28	"M"	"librarian"	"85282"	104	3.12	1.08	5	1	3
829	48	"M"	"writer"	"80209"	64	3.55	0.82	5	1	4
830	46	"M"	"programmer"	"53066"	106	3.75	1.16	5	1	4
831	21	"M"	"other"	"33765"	73	3.52	1.17	5	1	4
832	24	"M"	"technician"	"77042"	25	2.96	0.79	5	2	3
833	34	"M"	"writer"	"90019"	265	3.07	1.26	5	1	3
834	26	"M"	"other"	"64153"	53	3.94	0.93	5	2	4
835	44	"F"	"executive"	"11577"	102	4.15	0.8	5	2	4
836	44	"M"	"artist"	"10018"	50	3.86	1.23	5	1	4
837	36	"F"	"artist"	"55409"	46	3.04	1.3	5	1	3
838	23	"M"	"student"	"01375"	93	4.12	0.72	5	2	4
839	38	"F"	"entertainment"	"90814"	57	3.19	1.13	5	1	3
840	39	"M"	"artist"	"55406"	196	4.13	0.82	5	1	4
841	45	"M"	"doctor"	"47401"	31	3.9	1.04	5	1	4
842	40	"M"	"writer"	"93055"	27	3.74	1.2	5	1	4
843	35	"M"	"librarian"	"44212"	204	2.74	0.82	5	1	3
844	22	"M"	"engineer"	"95662"	81	3.51	0.84	5	1	3
845	64	"M"	"doctor"	"97405"	31	3.13	1.09	5	1	3
846	27	"M"	"lawyer"	"47130"	405	3.74	1.05	5	1	4
847	29	"M"	"student"	"55417"	146	3.03	1.16	5	1	3
848	46	"M"	"engineer"	"02146"	150	4.29	1.07	5	1	5
849	15	"F"	"student"	"25652"	23	4.87	0.34	5	4	5
850	34	"M"	"technician"	"78390"	51	4.53	0.99	5	1	5
851	18	"M"	"other"	"29646"	208	3.46	1.12	5	1	4
852	46	"M"	"administrator"	"94086"	49	3.47	0.82	5	1	3
853	49	"M"	"writer"	"40515"	41	2.98	1.08	5	1	3
854	29	"F"	"student"	"55408"	215	3.21	1.04	5	1	3
855	53	"M"	"librarian"	"04988"	23	3.35	0.65	4	2	3
856	43	"F"	"marketing"	"97215"	26	3.42	1.14	5	1	3.5
857	35	"F"	"administrator"	"V1G4L"	22	3.27	1.45	5	1	3
858	63	"M"	"educator"	"09645"	21	3.43	1.03	5	1	3
859	18	"F"	"other"	"06492"	39	3.85	0.9	5	2	4
860	70	"F"	"retired"	"48322"	70	3.23	0.87	5	1	3
861	38	"F"	"student"	"14085"	43	4	1.02	5	1	4
862	25	"M"	"executive"	"13820"	165	4.36	0.8	5	2	5
863	17	"M"	"student"	"60089"	105	3.12	1.41	5	1	3
864	27	"M"	"programmer"	"63021"	294	3.82	0.93	5	1	4
865	25	"M"	"artist"	"11231"	66	2.29	1.53	5	1	1.5
866	45	"M"	"other"	"60302"	20	2.7	1.03	4	1	2.5
867	24	"M"	"scientist"	"92507"	95	4.26	0.97	5	1	5
868	21	"M"	"programmer"	"55303"	208	2.95	1.35	5	1	3
869	30	"M"	"student"	"10025"	47	2.87	1.3	5	1	3
870	22	"M"	"student"	"65203"	268	3.46	0.98	5	1	4
871	31	"M"	"executive"	"44648"	115	3.5	0.92	5	2	3
872	19	"F"	"student"	"74078"	71	3.38	0.92	5	1	3
873	48	"F"	"administrator"	"33763"	20	2.9	1.25	5	1	3
874	36	"M"	"scientist"	"37076"	34	3.82	0.76	5	2	4
875	24	"F"	"student"	"35802"	89	4.19	0.8	5	2	4
876	41	"M"	"other"	"20902"	21	4.19	0.81	5	2	4
877	30	"M"	"other"	"77504"	81	3.83	0.88	5	1	4
878	50	"F"	"educator"	"98027"	134	3.27	1.1	5	1	3
879	33	"F"	"administrator"	"55337"	29	3.69	0.89	5	2	4
880	13	"M"	"student"	"83702"	365	3.42	0.98	5	1	3
881	39	"M"	"marketing"	"43017"	259	3.32	1.18	5	1	3
882	35	"M"	"engineer"	"40503"	137	4.05	1.01	5	1	4
883	49	"M"	"librarian"	"50266"	268	3.93	0.9	5	1	4
884	44	"M"	"engineer"	"55337"	43	3.72	1.2	5	1	4
885	30	"F"	"other"	"95316"	102	3.31	1	5	1	3
886	20	"M"	"student"	"61820"	240	3.36	1.13	5	1	4
887	14	"F"	"student"	"27249"	171	3.92	1.36	5	1	4
888	41	"M"	"scientist"	"17036"	20	4.3	0.57	5	3	4
889	24	"M"	"technician"	"78704"	324	3.44	0.87	5	1	3.5
890	32	"M"	"student"	"97301"	119	3.86	1.12	5	1	4
891	51	"F"	"administrator"	"03062"	47	4.13	0.85	5	3	4
892	36	"M"	"other"	"45243"	226	4	0.9	5	1	4
893	25	"M"	"student"	"95823"	59	3.42	0.88	5	1	3
894	47	"M"	"educator"	"74075"	243	3.64	0.72	5	1	4
895	31	"F"	"librarian"	"32301"	20	3.75	0.97	5	2	4
896	28	"M"	"writer"	"91505"	362	2.98	1.15	5	1	3
897	30	"M"	"other"	"33484"	185	3.96	0.99	5	1	4
898	23	"M"	"homemaker"	"61755"	30	3.5	1.04	5	1	4
899	32	"M"	"other"	"55116"	135	3.53	1.04	5	1	4
900	60	"M"	"retired"	"18505"	45	2.56	1.1	5	1	2
901	38	"M"	"executive"	"L1V3W"	124	3.85	1.07	5	1	4
902	45	"F"	"artist"	"97203"	48	3.5	1.07	5	1	3
903	28	"M"	"educator"	"20850"	136	3.85	1	5	1	4
904	17	"F"	"student"	"61073"	47	3.74	0.9	5	2	4
905	27	"M"	"other"	"30350"	40	3.27	0.78	5	1	3
906	45	"M"	"librarian"	"70124"	41	3.8	0.71	5	2	4
907	25	"F"	"other"	"80526"	147	4.57	0.68	5	2	5
908	44	"F"	"librarian"	"68504"	74	3.55	0.71	5	2	4
909	50	"F"	"educator"	"53171"	26	4.35	0.8	5	3	5
910	28	"M"	"healthcare"	"29301"	60	3.17	1.09	5	1	3
911	37	"F"	"writer"	"53210"	98	3.81	0.95	5	1	4
912	51	"M"	"other"	"06512"	52	3.85	0.94	5	2	4
913	27	"M"	"student"	"76201"	132	3.52	1.13	5	1	4
914	44	"F"	"other"	"08105"	23	3.09	1.28	5	1	3
915	50	"M"	"entertainment"	"60614"	26	3.12	0.95	5	2	3
916	27	"M"	"engineer"	"N2L5N"	316	3.36	0.89	5	1	3
917	22	"F"	"student"	"20006"	34	3.53	1.19	5	1	4
918	40	"M"	"scientist"	"70116"	103	3.35	1.1	5	1	4
919	25	"M"	"other"	"14216"	215	3.47	0.97	5	1	4
920	30	"F"	"artist"	"90008"	26	3.23	0.82	5	2	3
921	20	"F"	"student"	"98801"	110	3.27	1.13	5	1	3
922	29	"F"	"administrator"	"21114"	127	3.37	1.02	5	1	3
923	21	"M"	"student"	"E2E3R"	74	4.15	0.7	5	1	4
924	29	"M"	"other"	"11753"	82	3.76	0.82	5	2	4
925	18	"F"	"salesman"	"49036"	32	3.12	0.91	5	1	3
926	49	"M"	"entertainment"	"01701"	20	3.3	0.92	5	1	3
927	23	"M"	"programmer"	"55428"	120	3.69	1.14	5	1	4
928	21	"M"	"student"	"55408"	31	4.68	0.7	5	3	5
929	44	"M"	"scientist"	"53711"	49	3.69	1	5	1	4
930	28	"F"	"scientist"	"07310"	63	2.97	1.12	5	1	3
931	60	"M"	"educator"	"33556"	60	3.72	0.9	5	1	4
932	58	"M"	"educator"	"06437"	241	3.97	0.98	5	1	4
933	28	"M"	"student"	"48105"	184	2.65	1.2	5	1	3
934	61	"M"	"engineer"	"22902"	173	3.7	0.97	5	1	4
935	42	"M"	"doctor"	"66221"	39	3.92	0.87	5	1	4
936	24	"M"	"other"	"32789"	141	3.74	0.97	5	1	4
937	48	"M"	"educator"	"98072"	39	3.36	1.22	5	1	4
938	38	"F"	"technician"	"55038"	108	3.27	1.24	5	1	3
939	26	"F"	"student"	"33319"	48	4.31	0.93	5	2	5
940	32	"M"	"administrator"	"02215"	107	3.46	1.01	5	1	4
941	20	"M"	"student"	"97229"	22	4.05	0.9	5	2	4
942	48	"F"	"librarian"	"78209"	78	4.26	0.76	5	2	4
943	22	"M"	"student"	"77841"	168	3.41	1.26	5	1	4
